<metadata xml:lang="pt"><Esri><CreaDate>20170627</CreaDate><CreaTime>09495700</CreaTime><SyncOnce>FALSE</SyncOnce><SyncDate>20180307</SyncDate><SyncTime>18591500</SyncTime><ModDate>20180307</ModDate><ModTime>18591500</ModTime><ArcGISFormat>1.0</ArcGISFormat><DataProperties><itemProps><itemLocation><linkage Sync="TRUE">file://\\HAB2VMSV044\SCRIPTS_HAB2VMSV044\generate_shape_process\MXD_NOVO_SITURB\Ambiental\Ambiental\Estações Ecológicas\Estações Ecológicas.shp</linkage><protocol Sync="TRUE">Local Area Network</protocol></itemLocation><itemName Sync="TRUE">Estações Ecológicas</itemName><imsContentType Sync="TRUE">002</imsContentType><itemSize Sync="TRUE">0.000</itemSize></itemProps><coordRef><type Sync="TRUE">Projected</type><geogcsn Sync="TRUE">GCS_SIRGAS_2000</geogcsn><csUnits Sync="TRUE">Linear Unit: Meter (1.000000)</csUnits><projcsn Sync="TRUE">SIRGAS_2000_UTM_Zone_23S</projcsn><peXml Sync="TRUE">&lt;ProjectedCoordinateSystem xsi:type='typens:ProjectedCoordinateSystem' xmlns:xsi='http://www.w3.org/2001/XMLSchema-instance' xmlns:xs='http://www.w3.org/2001/XMLSchema' xmlns:typens='http://www.esri.com/schemas/ArcGIS/10.5'&gt;&lt;WKT&gt;PROJCS[&amp;quot;SIRGAS_2000_UTM_Zone_23S&amp;quot;,GEOGCS[&amp;quot;GCS_SIRGAS_2000&amp;quot;,DATUM[&amp;quot;D_SIRGAS_2000&amp;quot;,SPHEROID[&amp;quot;GRS_1980&amp;quot;,6378137.0,298.257222101]],PRIMEM[&amp;quot;Greenwich&amp;quot;,0.0],UNIT[&amp;quot;Degree&amp;quot;,0.0174532925199433]],PROJECTION[&amp;quot;Transverse_Mercator&amp;quot;],PARAMETER[&amp;quot;False_Easting&amp;quot;,500000.0],PARAMETER[&amp;quot;False_Northing&amp;quot;,10000000.0],PARAMETER[&amp;quot;Central_Meridian&amp;quot;,-45.0],PARAMETER[&amp;quot;Scale_Factor&amp;quot;,0.9996],PARAMETER[&amp;quot;Latitude_Of_Origin&amp;quot;,0.0],UNIT[&amp;quot;Meter&amp;quot;,1.0],AUTHORITY[&amp;quot;EPSG&amp;quot;,31983]]&lt;/WKT&gt;&lt;XOrigin&gt;-5120900&lt;/XOrigin&gt;&lt;YOrigin&gt;1900&lt;/YOrigin&gt;&lt;XYScale&gt;450445547.3910538&lt;/XYScale&gt;&lt;ZOrigin&gt;-100000&lt;/ZOrigin&gt;&lt;ZScale&gt;10000&lt;/ZScale&gt;&lt;MOrigin&gt;-100000&lt;/MOrigin&gt;&lt;MScale&gt;10000&lt;/MScale&gt;&lt;XYTolerance&gt;0.001&lt;/XYTolerance&gt;&lt;ZTolerance&gt;0.001&lt;/ZTolerance&gt;&lt;MTolerance&gt;0.001&lt;/MTolerance&gt;&lt;HighPrecision&gt;true&lt;/HighPrecision&gt;&lt;WKID&gt;31983&lt;/WKID&gt;&lt;LatestWKID&gt;31983&lt;/LatestWKID&gt;&lt;/ProjectedCoordinateSystem&gt;</peXml></coordRef><lineage><Process ToolSource="C:\Program Files\ArcGIS\Desktop10.0\ArcToolbox\Toolboxes\Data Management Tools.tbx\CopyFeatures" Date="20131014" Time="174018">CopyFeatures "Database Connections\Connection SEPLAN_SDE.sde\sde.sde.PROTECAO_AMBIENTAL\sde.sde.ESTACAO_ECOLOGICA" "Database Connections\Connection SEPLAN_SITURB.sde\sde.siturb.PROTECAO_AMBIENTAL\sde.siturb.ESTACAO_ECOLOGICA" # 0 0 0</Process><Process ToolSource="C:\Program Files\ArcGIS\Desktop10.0\ArcToolbox\Toolboxes\Data Management Tools.tbx\CopyFeatures" Date="20150909" Time="190213">CopyFeatures "Database Connections\Connection to SITURB.sde\sde.siturb.PROTECAO_AMBIENTAL\sde.siturb.ESTACAO_ECOLOGICA" "Database Connections\Connection to 10.233.34.28 SITURB.sde\sde.siturb.PROTECAO_AMBIENTAL\sde.siturb.ESTACAO_ECOLOGICA" # 0 0 0</Process><Process ToolSource="C:\Program Files (x86)\ArcGIS\Desktop10.0\ArcToolbox\Toolboxes\Data Management Tools.tbx\CopyFeatures" Date="20160524" Time="150239">CopyFeatures "Database Connections\HAB2VMSV028_SITURB.sde\sde.siturb.PROTECAO_AMBIENTAL\sde.siturb.ESTACAO_ECOLOGICA" "Database Connections\10.233.34.29 Prod_SITURB.sde\sde.siturb.PROTECAO_AMBIENTAL\sde.siturb.ESTACAO_ECOLOGICA" # 0 0 0</Process><Process ToolSource="C:\Program Files (x86)\ArcGIS\Desktop10.0\ArcToolbox\Toolboxes\Data Management Tools.tbx\CopyFeatures" Date="20160720" Time="151604">CopyFeatures "Database Connections\10.233.34.29 Prod_SITURB.sde\sde.siturb.PROTECAO_AMBIENTAL\sde.siturb.ESTACAO_ECOLOGICA" "Database Connections\HAB2VMSV028_SITURB.sde\sde.siturb.PROTECAO_AMBIENTAL\sde.siturb.ESTACAO_ECOLOGICA" # 0 0 0</Process><Process ToolSource="C:\Program Files\ArcGIS\Desktop10.0\ArcToolbox\Toolboxes\Data Management Tools.tbx\CopyFeatures" Date="20170222" Time="123103">CopyFeatures "Database Connections\Connection to 10.233.34.28 CONSULTA.sde\sde.siturb.PROTECAO_AMBIENTAL\sde.siturb.ESTACAO_ECOLOGICA" L:\BackUp\BKP_BASE20160221.gdb\PROTECAO_AMBIENTAL\ESTACAO_ECOLOGICA # 0 0 0</Process><Process ToolSource="c:\program files (x86)\arcgis\desktop10.5\ArcToolbox\Toolboxes\Data Management Tools.tbx\RecalculateFeatureClassExtent" Date="20171212" Time="121843">RecalculateFeatureClassExtent "Database Connections\PRD@Externo.sde\sde.externo.AMBIENTAL\sde.externo.ESTACAO_ECOLOGICA"</Process><Process ToolSource="c:\program files (x86)\arcgis\desktop10.5\ArcToolbox\Toolboxes\Data Management Tools.tbx\RemoveSpatialIndex" Date="20171212" Time="121845">RemoveSpatialIndex "Database Connections\PRD@Externo.sde\sde.externo.AMBIENTAL\sde.externo.ESTACAO_ECOLOGICA"</Process><Process ToolSource="c:\program files (x86)\arcgis\desktop10.5\ArcToolbox\Toolboxes\Data Management Tools.tbx\AddSpatialIndex" Date="20171212" Time="121846">AddSpatialIndex "Database Connections\PRD@Externo.sde\sde.externo.AMBIENTAL\sde.externo.ESTACAO_ECOLOGICA" 18000 0 0</Process><Process ToolSource="c:\program files (x86)\arcgis\desktop10.5\ArcToolbox\Toolboxes\Data Management Tools.tbx\CopyFeatures" Date="20180307" Time="185915">CopyFeatures GPL0 "K:\scripts_python\generate_shape_process\MXD_NOVO_SITURB\Ambiental\Ambiental\Estações Ecológicas\Estações Ecológicas.shp" # 0 0 0</Process></lineage></DataProperties></Esri><idinfo><native Sync="TRUE">Microsoft Windows Vista Version 6.1 (Build 7601) Service Pack 1; ESRI ArcCatalog 9.3.0.1770</native><descript><langdata Sync="TRUE">pt</langdata><abstract>Dados relativos às estações ecológicas existentes no Distrito Federal e suas dimensões.</abstract><purpose>Fornecer aos usuários infomções cartográficas das estações ecológicas do DF.</purpose></descript><citation><citeinfo><origin>Instituto do Meio Ambiente e dos Recursos Hídricos do Distrito Federal - Brasília Ambiental - IBRAM</origin><pubdate>Unknown</pubdate><title Sync="TRUE">sde.siturb.ESTACAO_ECOLOGICA</title><ftname Sync="TRUE">sde.siturb.ESTACAO_ECOLOGICA</ftname><geoform Sync="TRUE">vector digital data</geoform><onlink Sync="TRUE">Server=260sv015; Service=5151; Database=sde; User=user_service_map; Version=sde.DEFAULT</onlink></citeinfo></citation><timeperd><current>publication date</current><timeinfo><sngdate><caldate>unknown</caldate></sngdate></timeinfo></timeperd><status><progress>Complete</progress><update>As needed</update></status><spdom><bounding><westbc Sync="TRUE">-47.983097</westbc><eastbc Sync="TRUE">-47.531336</eastbc><northbc Sync="TRUE">-15.514290</northbc><southbc Sync="TRUE">-15.989331</southbc></bounding><minalti>705</minalti><maxalti>1340</maxalti><altunits>metros</altunits><lboundng><leftbc Sync="TRUE">180684.556800</leftbc><rightbc Sync="TRUE">228454.841800</rightbc><bottombc Sync="TRUE">8230587.814300</bottombc><topbc Sync="TRUE">8282570.200200</topbc></lboundng></spdom><keywords><theme><themekt>REQUIRED: Reference to a formally registered thesaurus or a similar authoritative source of theme keywords.</themekt><themekey>Estação Ecológica</themekey><themekey>Unidade de conservação</themekey><themekey>Meio ambiente</themekey></theme></keywords><accconst>Sem restrição.</accconst><useconst>O usuário deve respeitar as seguintes condições:
1 - Declarar ter plena ciência que o produto é de autoria da SEDHAB e do IBRAM.
2 - Este produto encontra-se disponível apenas para uso próprio, sendo vedada a sua reprodução e comercialização para terceiros, estando o usuário obrigado a dar os devidos créditos à SEDHAB e ao IBRAM quando de sua utilização para gerar novos produtos.
3 - A SEDHAB não se responsabiliza pelo uso impróprio ou incorreto do produto, não ficando garantida, sob nenhuma hipótese, a utilidade ou acurácia dos dados nele contidos em outra plataforma que não seja aquela em que foi gerado.
4 - A SEDHAB não se responsabiliza pela precisão do produto quando utilizado em escala(s) diferente(s) daquela(s) em que foi gerado.</useconst><natvform Sync="TRUE">SDE Feature Class</natvform><ptcontac><cntinfo><cntorgp><cntorg>GOVERNO DO DISTRITO FEDERAL - GDF</cntorg><cntper>SECRETARIA DE HABITAÇÃO, REGULARIZAÇÃO E DESENVOLVIMENTO URBANO - SEDHAB</cntper></cntorgp><cntvoice>061 3214-4112</cntvoice><cntemail>siturb@sedhab.df.gov.br</cntemail></cntinfo></ptcontac><secinfo><secclass>Unclassified</secclass></secinfo></idinfo><dataIdInfo><envirDesc Sync="TRUE"> Version 6.2 (Build 9200) ; Esri ArcGIS 10.5.0.6491</envirDesc><dataLang><languageCode Sync="TRUE" value="eng" country="BRA"></languageCode><countryCode value="USA" Sync="TRUE"></countryCode></dataLang><idCitation><resTitle Sync="TRUE">Estações Ecológicas</resTitle><presForm><PresFormCd Sync="TRUE" value="005"></PresFormCd></presForm></idCitation><spatRpType><SpatRepTypCd Sync="TRUE" value="001"></SpatRepTypCd></spatRpType><dataExt><geoEle><GeoBndBox esriExtentType="native"><westBL Sync="TRUE">180684.5568</westBL><eastBL Sync="TRUE">228454.8418</eastBL><northBL Sync="TRUE">8282570.2002</northBL><southBL Sync="TRUE">8230587.8143</southBL><exTypeCode Sync="TRUE">1</exTypeCode></GeoBndBox></geoEle></dataExt><geoBox esriExtentType="decdegrees"><westBL Sync="TRUE">-47.983097</westBL><eastBL Sync="TRUE">-47.531336</eastBL><northBL Sync="TRUE">-15.51429</northBL><southBL Sync="TRUE">-15.989331</southBL><exTypeCode Sync="TRUE">1</exTypeCode></geoBox><descKeys><thesaName uuidref="723f6998-058e-11dc-8314-0800200c9a66"></thesaName><keyword Sync="TRUE">002</keyword></descKeys></dataIdInfo><metainfo><langmeta Sync="TRUE">pt</langmeta><metstdn Sync="TRUE">FGDC Content Standards for Digital Geospatial Metadata</metstdn><metstdv Sync="TRUE">FGDC-STD-001-1998</metstdv><mettc Sync="TRUE">local time</mettc><metc><cntinfo><cntorgp><cntper>SECRETARIA DE HABITAÇÃO, REGULARIZAÇÃO E DESENVOLVIMENTO URBANO - SEDHAB</cntper><cntorg>GOVERNO DO DISTRITO FEDERAL - GDF</cntorg></cntorgp><cntaddr><addrtype>physical address</addrtype><city>Brasília</city><state>DF</state><postal>70.306-918 </postal><address>SCS Quadra 6 Bloco A - 1º andar - SIURB</address><country>Brasil</country></cntaddr><cntvoice>061 3214-4112</cntvoice><cntemail>siturb@sedhab.df.gov.br</cntemail></cntinfo></metc><metd Sync="TRUE">20130503</metd></metainfo><mdLang><languageCode Sync="TRUE" value="eng"></languageCode><countryCode value="USA" Sync="TRUE"></countryCode></mdLang><mdStanName Sync="TRUE">ISO 19115 Geographic Information - Metadata</mdStanName><mdStanVer Sync="TRUE">DIS_ESRI1.0</mdStanVer><mdChar><CharSetCd Sync="TRUE" value="004"></CharSetCd></mdChar><mdHrLv><ScopeCd Sync="TRUE" value="005"></ScopeCd></mdHrLv><mdHrLvName Sync="TRUE">dataset</mdHrLvName><distinfo><stdorder/><resdesc>Downloadable Data</resdesc><distrib><cntinfo><cntorgp><cntorg>GOVERNO DO DISTRITO FEDERAL - GDF</cntorg><cntper>SECRETARIA DE HABITAÇÃO, REGULARIZAÇÃO E DESENVOLVIMENTO URBANO - SEDHAB</cntper></cntorgp><cntvoice>061 3214-4112</cntvoice><cntaddr><addrtype>physical address</addrtype><address>SCS Quadra 6 Bloco A - 1º andar - SIURB</address><city>Brasília</city><state>DF</state><postal>70.306-918</postal><country>Brasil</country></cntaddr><cntemail>siturb@sedhab.df.gov.br</cntemail></cntinfo></distrib><availabl><timeinfo><sngdate><caldate>unknown</caldate></sngdate></timeinfo></availabl></distinfo><distInfo><distributor><distorTran><onLineSrc><orDesc Sync="TRUE">002</orDesc><linkage Sync="TRUE">Server=260sv015; Service=5151; Database=sde; User=user_service_map; Version=sde.DEFAULT</linkage><protocol Sync="TRUE">ArcSDE Connection</protocol></onLineSrc><transSize Sync="TRUE">0,000</transSize></distorTran><distorFormat><formatName Sync="TRUE">SDE Feature Class</formatName></distorFormat></distributor><distFormat><formatName Sync="TRUE">Shapefile</formatName></distFormat><distTranOps><transSize Sync="TRUE">0.000</transSize></distTranOps></distInfo><spdoinfo><direct Sync="TRUE">Vector</direct><ptvctinf><esriterm Name="Estações Ecológicas"><efeatyp Sync="TRUE">Simple</efeatyp><efeageom code="4" Sync="TRUE"></efeageom><esritopo Sync="TRUE">FALSE</esritopo><efeacnt Sync="TRUE">0</efeacnt><spindex Sync="TRUE">FALSE</spindex><linrefer Sync="TRUE">FALSE</linrefer></esriterm></ptvctinf></spdoinfo><spatRepInfo><VectSpatRep><geometObjs Name="Estações Ecológicas"><geoObjTyp><GeoObjTypCd value="002" Sync="TRUE"></GeoObjTypCd></geoObjTyp><geoObjCnt Sync="TRUE">0</geoObjCnt></geometObjs><topLvl><TopoLevCd value="001" Sync="TRUE"></TopoLevCd></topLvl></VectSpatRep></spatRepInfo><eainfo><detailed Name="Estações Ecológicas"><enttyp><enttypl Sync="TRUE">Estações Ecológicas</enttypl><enttypt Sync="TRUE">Feature Class</enttypt><enttypc Sync="TRUE">0</enttypc></enttyp><attr><attrlabl Sync="TRUE">FID</attrlabl><attalias Sync="TRUE">FID</attalias><attrtype Sync="TRUE">OID</attrtype><attwidth Sync="TRUE">4</attwidth><atprecis Sync="TRUE">0</atprecis><attscale Sync="TRUE">0</attscale><attrdef Sync="TRUE">Internal feature number.</attrdef><attrdefs Sync="TRUE">Esri</attrdefs><attrdomv><udom Sync="TRUE">Sequential unique whole numbers that are automatically generated.</udom></attrdomv></attr><attr><attrlabl Sync="TRUE">nome</attrlabl><attalias Sync="TRUE">nome</attalias><attrtype Sync="TRUE">String</attrtype><attwidth Sync="TRUE">100</attwidth><atprecis Sync="TRUE">0</atprecis><attscale Sync="TRUE">0</attscale></attr><attr><attrlabl Sync="TRUE">Shape</attrlabl><attalias Sync="TRUE">Shape</attalias><attrtype Sync="TRUE">Geometry</attrtype><attwidth Sync="TRUE">0</attwidth><atprecis Sync="TRUE">0</atprecis><attscale Sync="TRUE">0</attscale><attrdef Sync="TRUE">Feature geometry.</attrdef><attrdefs Sync="TRUE">ESRI</attrdefs><attrdomv><udom Sync="TRUE">Coordinates defining the features.</udom></attrdomv></attr><attr><attrlabl Sync="TRUE">created_us</attrlabl><attalias Sync="TRUE">created_us</attalias><attrtype Sync="TRUE">String</attrtype><attwidth Sync="TRUE">254</attwidth><atprecis Sync="TRUE">0</atprecis><attscale Sync="TRUE">0</attscale></attr><attr><attrlabl Sync="TRUE">created_da</attrlabl><attalias Sync="TRUE">created_da</attalias><attrtype Sync="TRUE">Date</attrtype><attwidth Sync="TRUE">8</attwidth><atprecis Sync="TRUE">0</atprecis><attscale Sync="TRUE">0</attscale></attr><attr><attrlabl Sync="TRUE">last_edite</attrlabl><attalias Sync="TRUE">last_edite</attalias><attrtype Sync="TRUE">String</attrtype><attwidth Sync="TRUE">254</attwidth><atprecis Sync="TRUE">0</atprecis><attscale Sync="TRUE">0</attscale></attr><attr><attrlabl Sync="TRUE">last_edi_1</attrlabl><attalias Sync="TRUE">last_edi_1</attalias><attrtype Sync="TRUE">Date</attrtype><attwidth Sync="TRUE">8</attwidth><atprecis Sync="TRUE">0</atprecis><attscale Sync="TRUE">0</attscale></attr><attr><attrlabl Sync="TRUE">st_area_sh</attrlabl><attalias Sync="TRUE">st_area_sh</attalias><attrtype Sync="TRUE">Double</attrtype><attwidth Sync="TRUE">19</attwidth><atprecis Sync="TRUE">0</atprecis><attscale Sync="TRUE">0</attscale></attr><attr><attrlabl Sync="TRUE">st_length_</attrlabl><attalias Sync="TRUE">st_length_</attalias><attrtype Sync="TRUE">Double</attrtype><attwidth Sync="TRUE">19</attwidth><atprecis Sync="TRUE">0</atprecis><attscale Sync="TRUE">0</attscale></attr></detailed></eainfo><mdDateSt Sync="TRUE">20180307</mdDateSt><dataqual><lineage><procstep><procdesc Sync="TRUE">Metadata imported.</procdesc><srcused Sync="TRUE">C:\Users\d2633973\Documents\Desenvolvimento_Izabela\metadata_template.xml</srcused><procdate Sync="TRUE">20120229</procdate><proctime Sync="TRUE">11243500</proctime></procstep><srcinfo><srccite><citeinfo><origin>Instituto do Meio Ambiente e dos Recursos Hídricos do Distrito Federal - Brasília Ambiental - IBRAM</origin><pubdate>Unknown</pubdate></citeinfo></srccite></srcinfo><procstep><procdesc>Metadata imported.</procdesc><procdate>20100309</procdate><proctime>15235300</proctime></procstep><procstep><procdesc>Metadata imported.</procdesc><procdate>20100903</procdate><proctime>11113000</proctime></procstep><procstep><procdesc>Dataset copied.</procdesc><procdate>20101124</procdate><proctime>18014000</proctime></procstep><procstep><procdesc Sync="TRUE">Metadata imported.</procdesc><srcused Sync="TRUE">Z:\TECNICOS\TRABALHO_ELABORACAO\Izabela\Siurb_Metadados\Metadados\XML_Metadados\DADOS_CONSULTA_XML\ESTACAO_ECOLOGICA_SEMARH.xml</srcused><procdate Sync="TRUE">20130503</procdate><proctime Sync="TRUE">10312800</proctime></procstep></lineage></dataqual><spref><horizsys><cordsysn><geogcsn Sync="TRUE">GCS_SIRGAS_2000</geogcsn><projcsn Sync="TRUE">SIRGAS_2000_UTM_Zone_23S</projcsn></cordsysn><planar><planci><plance Sync="TRUE">coordinate pair</plance><plandu Sync="TRUE">meters</plandu><coordrep><absres Sync="TRUE">0.000100</absres><ordres Sync="TRUE">0.000100</ordres></coordrep></planci></planar><geodetic><horizdn Sync="TRUE">D_SIRGAS_2000</horizdn><ellips Sync="TRUE">Geodetic Reference System 80</ellips><semiaxis Sync="TRUE">6378137.000000</semiaxis><denflat Sync="TRUE">298.257222</denflat></geodetic></horizsys><vertdef><altsys><altenc Sync="TRUE">Explicit elevation coordinate included with horizontal coordinates</altenc><altres Sync="TRUE">1.000000</altres></altsys></vertdef></spref><refSysInfo><RefSystem><refSysID><identCode Sync="TRUE" value="31983" code="31983">SIRGAS_2000_UTM_Zone_23S</identCode><idCodeSpace Sync="TRUE">EPSG</idCodeSpace><idVersion Sync="TRUE">7.8.3(8.1.2)</idVersion></refSysID></RefSystem></refSysInfo></metadata>
