<metadata xml:lang="pt"><Esri><CreaDate>20170627</CreaDate><CreaTime>09495900</CreaTime><ArcGISFormat>1.0</ArcGISFormat><SyncOnce>FALSE</SyncOnce><DataProperties><itemProps><itemName Sync="TRUE">Parques</itemName><imsContentType Sync="TRUE">002</imsContentType><itemLocation><linkage Sync="TRUE">file://\\HAB2VMSV044\SCRIPTS_HAB2VMSV044\generate_shape_process\MXD_NOVO_SITURB\Ambiental\Ambiental\Parques\Parques.shp</linkage><protocol Sync="TRUE">Local Area Network</protocol></itemLocation><itemSize Sync="TRUE">0.000</itemSize></itemProps><coordRef><type Sync="TRUE">Projected</type><geogcsn Sync="TRUE">GCS_SIRGAS_2000</geogcsn><csUnits Sync="TRUE">Linear Unit: Meter (1.000000)</csUnits><projcsn Sync="TRUE">SIRGAS_2000_UTM_Zone_23S</projcsn><peXml Sync="TRUE">&lt;ProjectedCoordinateSystem xsi:type='typens:ProjectedCoordinateSystem' xmlns:xsi='http://www.w3.org/2001/XMLSchema-instance' xmlns:xs='http://www.w3.org/2001/XMLSchema' xmlns:typens='http://www.esri.com/schemas/ArcGIS/10.5'&gt;&lt;WKT&gt;PROJCS[&amp;quot;SIRGAS_2000_UTM_Zone_23S&amp;quot;,GEOGCS[&amp;quot;GCS_SIRGAS_2000&amp;quot;,DATUM[&amp;quot;D_SIRGAS_2000&amp;quot;,SPHEROID[&amp;quot;GRS_1980&amp;quot;,6378137.0,298.257222101]],PRIMEM[&amp;quot;Greenwich&amp;quot;,0.0],UNIT[&amp;quot;Degree&amp;quot;,0.0174532925199433]],PROJECTION[&amp;quot;Transverse_Mercator&amp;quot;],PARAMETER[&amp;quot;False_Easting&amp;quot;,500000.0],PARAMETER[&amp;quot;False_Northing&amp;quot;,10000000.0],PARAMETER[&amp;quot;Central_Meridian&amp;quot;,-45.0],PARAMETER[&amp;quot;Scale_Factor&amp;quot;,0.9996],PARAMETER[&amp;quot;Latitude_Of_Origin&amp;quot;,0.0],UNIT[&amp;quot;Meter&amp;quot;,1.0],AUTHORITY[&amp;quot;EPSG&amp;quot;,31983]]&lt;/WKT&gt;&lt;XOrigin&gt;-5120900&lt;/XOrigin&gt;&lt;YOrigin&gt;1900&lt;/YOrigin&gt;&lt;XYScale&gt;450445547.3910538&lt;/XYScale&gt;&lt;ZOrigin&gt;-100000&lt;/ZOrigin&gt;&lt;ZScale&gt;10000&lt;/ZScale&gt;&lt;MOrigin&gt;-100000&lt;/MOrigin&gt;&lt;MScale&gt;10000&lt;/MScale&gt;&lt;XYTolerance&gt;0.001&lt;/XYTolerance&gt;&lt;ZTolerance&gt;0.001&lt;/ZTolerance&gt;&lt;MTolerance&gt;0.001&lt;/MTolerance&gt;&lt;HighPrecision&gt;true&lt;/HighPrecision&gt;&lt;WKID&gt;31983&lt;/WKID&gt;&lt;LatestWKID&gt;31983&lt;/LatestWKID&gt;&lt;/ProjectedCoordinateSystem&gt;</peXml></coordRef><lineage><Process ToolSource="C:\Program Files\ArcGIS\Desktop10.0\ArcToolbox\Toolboxes\Conversion Tools.tbx\FeatureClassToFeatureClass" Date="20141016" Time="121139">FeatureClassToFeatureClass Z:\DADOS_EXTERNOS\DADOS_AMBIENTAIS_SET_2014\Parques_Distritais.shp "Database Connections\Connection to SITURB.sde\sde.siturb.PROTECAO_AMBIENTAL" PARQUE_new # "objectid "objectid" true true false 10 Double 0 10 ,First,#,Z:\DADOS_EXTERNOS\DADOS_AMBIENTAIS_SET_2014\Parques_Distritais.shp,objectid,-1,-1;nome "nome" true true false 80 Text 0 0 ,First,#,Z:\DADOS_EXTERNOS\DADOS_AMBIENTAIS_SET_2014\Parques_Distritais.shp,nome,-1,-1;geoapxd "geoapxd" true true false 4 Text 0 0 ,First,#,Z:\DADOS_EXTERNOS\DADOS_AMBIENTAIS_SET_2014\Parques_Distritais.shp,geoapxd,-1,-1;anocriac "anocriac" true true false 12 Text 0 0 ,First,#,Z:\DADOS_EXTERNOS\DADOS_AMBIENTAIS_SET_2014\Parques_Distritais.shp,anocriac,-1,-1;sigla "sigla" true true false 18 Text 0 0 ,First,#,Z:\DADOS_EXTERNOS\DADOS_AMBIENTAIS_SET_2014\Parques_Distritais.shp,sigla,-1,-1;areaofic "areaofic" true true false 15 Text 0 0 ,First,#,Z:\DADOS_EXTERNOS\DADOS_AMBIENTAIS_SET_2014\Parques_Distritais.shp,areaofic,-1,-1;atolegal "atolegal" true true false 200 Text 0 0 ,First,#,Z:\DADOS_EXTERNOS\DADOS_AMBIENTAIS_SET_2014\Parques_Distritais.shp,atolegal,-1,-1;admin "admin" true true false 12 Text 0 0 ,First,#,Z:\DADOS_EXTERNOS\DADOS_AMBIENTAIS_SET_2014\Parques_Distritais.shp,admin,-1,-1;tipounid "tipounid" true true false 100 Text 0 0 ,First,#,Z:\DADOS_EXTERNOS\DADOS_AMBIENTAIS_SET_2014\Parques_Distritais.shp,tipounid,-1,-1;nomabrev "nomabrev" true true false 50 Text 0 0 ,First,#,Z:\DADOS_EXTERNOS\DADOS_AMBIENTAIS_SET_2014\Parques_Distritais.shp,nomabrev,-1,-1;parque "parque" true true false 100 Text 0 0 ,First,#,Z:\DADOS_EXTERNOS\DADOS_AMBIENTAIS_SET_2014\Parques_Distritais.shp,parque,-1,-1;qualidade "qualidade" true true false 100 Text 0 0 ,First,#,Z:\DADOS_EXTERNOS\DADOS_AMBIENTAIS_SET_2014\Parques_Distritais.shp,qualidade,-1,-1;area "area" true true false 19 Double 8 18 ,First,#,Z:\DADOS_EXTERNOS\DADOS_AMBIENTAIS_SET_2014\Parques_Distritais.shp,area,-1,-1;st_area_sh "st_area_sh" true true false 19 Double 0 0 ,First,#,Z:\DADOS_EXTERNOS\DADOS_AMBIENTAIS_SET_2014\Parques_Distritais.shp,st_area_sh,-1,-1;st_length_ "st_length_" true true false 19 Double 0 0 ,First,#,Z:\DADOS_EXTERNOS\DADOS_AMBIENTAIS_SET_2014\Parques_Distritais.shp,st_length_,-1,-1" #</Process><Process ToolSource="C:\Program Files\ArcGIS\Desktop10.0\ArcToolbox\Toolboxes\Data Management Tools.tbx\CopyFeatures" Date="20150909" Time="190302">CopyFeatures "Database Connections\Connection to SITURB.sde\sde.siturb.PROTECAO_AMBIENTAL\sde.siturb.PARQUE" "Database Connections\Connection to 10.233.34.28 SITURB.sde\sde.siturb.PROTECAO_AMBIENTAL\sde.siturb.PARQUE" # 0 0 0</Process><Process ToolSource="C:\Program Files\ArcGIS\Desktop10.0\ArcToolbox\Toolboxes\Conversion Tools.tbx\FeatureClassToFeatureClass" Date="20150916" Time="153503">FeatureClassToFeatureClass "Database Connections\028 - CONSULTA.sde\sde.siturb.PROTECAO_AMBIENTAL\sde.siturb.PARQUE" "Z:\TECNICOS\TRABALHO_ELABORACAO\André\2015\09 - SET" PARQUE160915.shp # "objectid "objectid" true true false 8 Double 0 10 ,First,#,Database Connections\028 - CONSULTA.sde\sde.siturb.PROTECAO_AMBIENTAL\sde.siturb.PARQUE,objectid,-1,-1;nome "nome" true true false 80 Text 0 0 ,First,#,Database Connections\028 - CONSULTA.sde\sde.siturb.PROTECAO_AMBIENTAL\sde.siturb.PARQUE,nome,-1,-1;geoapxd "geoapxd" true true false 4 Text 0 0 ,First,#,Database Connections\028 - CONSULTA.sde\sde.siturb.PROTECAO_AMBIENTAL\sde.siturb.PARQUE,geoapxd,-1,-1;anocriac "anocriac" true true false 12 Text 0 0 ,First,#,Database Connections\028 - CONSULTA.sde\sde.siturb.PROTECAO_AMBIENTAL\sde.siturb.PARQUE,anocriac,-1,-1;sigla "sigla" true true false 18 Text 0 0 ,First,#,Database Connections\028 - CONSULTA.sde\sde.siturb.PROTECAO_AMBIENTAL\sde.siturb.PARQUE,sigla,-1,-1;areaofic "areaofic" true true false 15 Text 0 0 ,First,#,Database Connections\028 - CONSULTA.sde\sde.siturb.PROTECAO_AMBIENTAL\sde.siturb.PARQUE,areaofic,-1,-1;atolegal "atolegal" true true false 200 Text 0 0 ,First,#,Database Connections\028 - CONSULTA.sde\sde.siturb.PROTECAO_AMBIENTAL\sde.siturb.PARQUE,atolegal,-1,-1;admin "admin" true true false 12 Text 0 0 ,First,#,Database Connections\028 - CONSULTA.sde\sde.siturb.PROTECAO_AMBIENTAL\sde.siturb.PARQUE,admin,-1,-1;tipounid "tipounid" true true false 100 Text 0 0 ,First,#,Database Connections\028 - CONSULTA.sde\sde.siturb.PROTECAO_AMBIENTAL\sde.siturb.PARQUE,tipounid,-1,-1;nomabrev "nomabrev" true true false 50 Text 0 0 ,First,#,Database Connections\028 - CONSULTA.sde\sde.siturb.PROTECAO_AMBIENTAL\sde.siturb.PARQUE,nomabrev,-1,-1;parque "parque" true true false 100 Text 0 0 ,First,#,Database Connections\028 - CONSULTA.sde\sde.siturb.PROTECAO_AMBIENTAL\sde.siturb.PARQUE,parque,-1,-1;qualidade "qualidade" true true false 100 Text 0 0 ,First,#,Database Connections\028 - CONSULTA.sde\sde.siturb.PROTECAO_AMBIENTAL\sde.siturb.PARQUE,qualidade,-1,-1;area_ "area" true true false 8 Double 8 18 ,First,#,Database Connections\028 - CONSULTA.sde\sde.siturb.PROTECAO_AMBIENTAL\sde.siturb.PARQUE,area_,-1,-1;st_area_sh "st_area(shape)" false false true 0 Double 0 0 ,First,#,Database Connections\028 - CONSULTA.sde\sde.siturb.PROTECAO_AMBIENTAL\sde.siturb.PARQUE,st_area(shape),-1,-1;st_length_ "st_length(shape)" false false true 0 Double 0 0 ,First,#,Database Connections\028 - CONSULTA.sde\sde.siturb.PROTECAO_AMBIENTAL\sde.siturb.PARQUE,st_length(shape),-1,-1" #</Process><Process ToolSource="C:\Program Files\ArcGIS\Desktop10.0\ArcToolbox\Toolboxes\Conversion Tools.tbx\FeatureClassToFeatureClass" Date="20150917" Time="102003">FeatureClassToFeatureClass "Z:\TECNICOS\TRABALHO_ELABORACAO\André\2015\09 - SET\PARQUE.shp" "Database Connections\Connection to 10.233.34.28 SITURB.sde\sde.siturb.PROTECAO_AMBIENTAL" PARQUE # "objectid "objectid" true true false 10 Double 0 10 ,First,#,Z:\TECNICOS\TRABALHO_ELABORACAO\André\2015\09 - SET\PARQUE.shp,objectid,-1,-1;nome "nome" true true false 80 Text 0 0 ,First,#,Z:\TECNICOS\TRABALHO_ELABORACAO\André\2015\09 - SET\PARQUE.shp,nome,-1,-1;geoapxd "geoapxd" true true false 4 Text 0 0 ,First,#,Z:\TECNICOS\TRABALHO_ELABORACAO\André\2015\09 - SET\PARQUE.shp,geoapxd,-1,-1;anocriac "anocriac" true true false 12 Text 0 0 ,First,#,Z:\TECNICOS\TRABALHO_ELABORACAO\André\2015\09 - SET\PARQUE.shp,anocriac,-1,-1;sigla "sigla" true true false 18 Text 0 0 ,First,#,Z:\TECNICOS\TRABALHO_ELABORACAO\André\2015\09 - SET\PARQUE.shp,sigla,-1,-1;areaofic "areaofic" true true false 15 Text 0 0 ,First,#,Z:\TECNICOS\TRABALHO_ELABORACAO\André\2015\09 - SET\PARQUE.shp,areaofic,-1,-1;atolegal "atolegal" true true false 200 Text 0 0 ,First,#,Z:\TECNICOS\TRABALHO_ELABORACAO\André\2015\09 - SET\PARQUE.shp,atolegal,-1,-1;admin "admin" true true false 12 Text 0 0 ,First,#,Z:\TECNICOS\TRABALHO_ELABORACAO\André\2015\09 - SET\PARQUE.shp,admin,-1,-1;tipounid "tipounid" true true false 100 Text 0 0 ,First,#,Z:\TECNICOS\TRABALHO_ELABORACAO\André\2015\09 - SET\PARQUE.shp,tipounid,-1,-1;nomabrev "nomabrev" true true false 50 Text 0 0 ,First,#,Z:\TECNICOS\TRABALHO_ELABORACAO\André\2015\09 - SET\PARQUE.shp,nomabrev,-1,-1;parque "parque" true true false 100 Text 0 0 ,First,#,Z:\TECNICOS\TRABALHO_ELABORACAO\André\2015\09 - SET\PARQUE.shp,parque,-1,-1;qualidade "qualidade" true true false 100 Text 0 0 ,First,#,Z:\TECNICOS\TRABALHO_ELABORACAO\André\2015\09 - SET\PARQUE.shp,qualidade,-1,-1;area_ "area_" true true false 19 Double 8 18 ,First,#,Z:\TECNICOS\TRABALHO_ELABORACAO\André\2015\09 - SET\PARQUE.shp,area_,-1,-1;st_area_sh "st_area_sh" true true false 19 Double 0 0 ,First,#,Z:\TECNICOS\TRABALHO_ELABORACAO\André\2015\09 - SET\PARQUE.shp,st_area_sh,-1,-1;st_length_ "st_length_" true true false 19 Double 0 0 ,First,#,Z:\TECNICOS\TRABALHO_ELABORACAO\André\2015\09 - SET\PARQUE.shp,st_length_,-1,-1" #</Process><Process ToolSource="C:\Program Files (x86)\ArcGIS\Desktop10.0\ArcToolbox\Toolboxes\Data Management Tools.tbx\CopyFeatures" Date="20160524" Time="150314">CopyFeatures "Database Connections\HAB2VMSV028_SITURB.sde\sde.siturb.PROTECAO_AMBIENTAL\sde.siturb.PARQUE" "Database Connections\10.233.34.29 Prod_SITURB.sde\sde.siturb.PROTECAO_AMBIENTAL\sde.siturb.PARQUE" # 0 0 0</Process><Process ToolSource="C:\Program Files (x86)\ArcGIS\Desktop10.0\ArcToolbox\Toolboxes\Data Management Tools.tbx\CopyFeatures" Date="20160720" Time="151635">CopyFeatures "Database Connections\10.233.34.29 Prod_SITURB.sde\sde.siturb.PROTECAO_AMBIENTAL\sde.siturb.PARQUE" "Database Connections\HAB2VMSV028_SITURB.sde\sde.siturb.PROTECAO_AMBIENTAL\sde.siturb.PARQUE" # 0 0 0</Process><Process ToolSource="C:\Program Files\ArcGIS\Desktop10.0\ArcToolbox\Toolboxes\Data Management Tools.tbx\CopyFeatures" Date="20170222" Time="123211">CopyFeatures "Database Connections\Connection to 10.233.34.28 CONSULTA.sde\sde.siturb.PROTECAO_AMBIENTAL\sde.siturb.PARQUE" L:\BackUp\BKP_BASE20160221.gdb\PROTECAO_AMBIENTAL\PARQUE # 0 0 0</Process><Process ToolSource="c:\program files (x86)\arcgis\desktop10.5\ArcToolbox\Toolboxes\Data Management Tools.tbx\RecalculateFeatureClassExtent" Date="20171212" Time="121848">RecalculateFeatureClassExtent "Database Connections\PRD@Externo.sde\sde.externo.AMBIENTAL\sde.externo.PARQUE"</Process><Process ToolSource="c:\program files (x86)\arcgis\desktop10.5\ArcToolbox\Toolboxes\Data Management Tools.tbx\RemoveSpatialIndex" Date="20171212" Time="121850">RemoveSpatialIndex "Database Connections\PRD@Externo.sde\sde.externo.AMBIENTAL\sde.externo.PARQUE"</Process><Process ToolSource="c:\program files (x86)\arcgis\desktop10.5\ArcToolbox\Toolboxes\Data Management Tools.tbx\AddSpatialIndex" Date="20171212" Time="121851">AddSpatialIndex "Database Connections\PRD@Externo.sde\sde.externo.AMBIENTAL\sde.externo.PARQUE" 4200 0 0</Process><Process ToolSource="c:\program files (x86)\arcgis\desktop10.5\ArcToolbox\Toolboxes\Data Management Tools.tbx\Append" Date="20180307" Time="112228">Append Poligonal_Parque_Ecologico_Tororo_poligono sde.externo.PARQUE NO_TEST "objectid "objectid" true true false 8 Double 8 38 ,First,#;nome "nome" true true false 80 Text 0 0 ,First,#,Poligonal_Parque_Ecologico_Tororo_poligono,nome,-1,-1;geoapxd "geoapxd" true true false 4 Text 0 0 ,First,#,Poligonal_Parque_Ecologico_Tororo_poligono,geoapxd,-1,-1;anocriac "anocriac" true true false 12 Text 0 0 ,First,#,Poligonal_Parque_Ecologico_Tororo_poligono,anocriac,-1,-1;sigla "sigla" true true false 18 Text 0 0 ,First,#,Poligonal_Parque_Ecologico_Tororo_poligono,sigla,-1,-1;areaofic "areaofic" true true false 15 Text 0 0 ,First,#,Poligonal_Parque_Ecologico_Tororo_poligono,areaofic,-1,-1;atolegal "atolegal" true true false 200 Text 0 0 ,First,#,Poligonal_Parque_Ecologico_Tororo_poligono,atolegal,-1,-1;admin "admin" true true false 12 Text 0 0 ,First,#,Poligonal_Parque_Ecologico_Tororo_poligono,admin,-1,-1;tipounid "tipounid" true true false 100 Text 0 0 ,First,#,Poligonal_Parque_Ecologico_Tororo_poligono,tipounid,-1,-1;nomabrev "nomabrev" true true false 50 Text 0 0 ,First,#,Poligonal_Parque_Ecologico_Tororo_poligono,nomabrev,-1,-1;parque "parque" true true false 100 Text 0 0 ,First,#,Poligonal_Parque_Ecologico_Tororo_poligono,parque,-1,-1;qualidade "qualidade" true true false 100 Text 0 0 ,First,#,Poligonal_Parque_Ecologico_Tororo_poligono,qualidade,-1,-1;area_ "area_" true true false 8 Double 8 38 ,First,#;st_area_sh "st_area_sh" true true false 8 Double 8 38 ,First,#;st_length_ "st_length_" true true false 8 Double 8 38 ,First,#;created_user "created_user" false true false 255 Text 0 0 ,First,#;created_date "created_date" false true false 8 Date 0 0 ,First,#;last_edited_user "last_edited_user" false true false 255 Text 0 0 ,First,#;last_edited_date "last_edited_date" false true false 8 Date 0 0 ,First,#;st_area(shape) "st_area(shape)" false false true 0 Double 0 0 ,First,#;st_length(shape) "st_length(shape)" false false true 0 Double 0 0 ,First,#" #</Process><Process ToolSource="c:\program files (x86)\arcgis\desktop10.5\ArcToolbox\Toolboxes\Data Management Tools.tbx\CalculateField" Date="20180307" Time="113223">CalculateField sde.externo.PARQUE atolegal "DEC 38900/18" VB #</Process><Process ToolSource="c:\program files (x86)\arcgis\desktop10.5\ArcToolbox\Toolboxes\Data Management Tools.tbx\CopyFeatures" Date="20180307" Time="185915">CopyFeatures GPL0 K:\scripts_python\generate_shape_process\MXD_NOVO_SITURB\Ambiental\Ambiental\Parques\Parques.shp # 0 0 0</Process></lineage></DataProperties><SyncDate>20180307</SyncDate><SyncTime>18591500</SyncTime><ModDate>20180307</ModDate><ModTime>18591500</ModTime></Esri><dataIdInfo><envirDesc Sync="TRUE"> Version 6.2 (Build 9200) ; Esri ArcGIS 10.5.0.6491</envirDesc><dataLang><languageCode value="eng" Sync="TRUE" country="BRA"></languageCode><countryCode value="USA" Sync="TRUE"></countryCode></dataLang><idCitation><resTitle Sync="TRUE">Parques</resTitle><presForm><PresFormCd value="005" Sync="TRUE"></PresFormCd></presForm></idCitation><spatRpType><SpatRepTypCd value="001" Sync="TRUE"></SpatRepTypCd></spatRpType><descKeys><thesaName uuidref="723f6998-058e-11dc-8314-0800200c9a66"></thesaName><keyword Sync="TRUE">002</keyword></descKeys></dataIdInfo><mdLang><languageCode value="eng" Sync="TRUE"></languageCode><countryCode value="USA" Sync="TRUE"></countryCode></mdLang><distInfo><distFormat><formatName Sync="TRUE">Shapefile</formatName></distFormat><distTranOps><transSize Sync="TRUE">0.000</transSize></distTranOps></distInfo><mdHrLv><ScopeCd value="005" Sync="TRUE"></ScopeCd></mdHrLv><mdHrLvName Sync="TRUE">dataset</mdHrLvName><refSysInfo><RefSystem><refSysID><identCode code="31983" Sync="TRUE" value="31983"></identCode><idCodeSpace Sync="TRUE">EPSG</idCodeSpace><idVersion Sync="TRUE">7.8.3(8.1.2)</idVersion></refSysID></RefSystem></refSysInfo><spatRepInfo><VectSpatRep><geometObjs Name="Parques"><geoObjTyp><GeoObjTypCd value="002" Sync="TRUE"></GeoObjTypCd></geoObjTyp><geoObjCnt Sync="TRUE">0</geoObjCnt></geometObjs><topLvl><TopoLevCd value="001" Sync="TRUE"></TopoLevCd></topLvl></VectSpatRep></spatRepInfo><spdoinfo><ptvctinf><esriterm Name="Parques"><efeatyp Sync="TRUE">Simple</efeatyp><efeageom code="4" Sync="TRUE"></efeageom><esritopo Sync="TRUE">FALSE</esritopo><efeacnt Sync="TRUE">0</efeacnt><spindex Sync="TRUE">FALSE</spindex><linrefer Sync="TRUE">FALSE</linrefer></esriterm></ptvctinf></spdoinfo><eainfo><detailed Name="Parques"><enttyp><enttypl Sync="TRUE">Parques</enttypl><enttypt Sync="TRUE">Feature Class</enttypt><enttypc Sync="TRUE">0</enttypc></enttyp><attr><attrlabl Sync="TRUE">FID</attrlabl><attalias Sync="TRUE">FID</attalias><attrtype Sync="TRUE">OID</attrtype><attwidth Sync="TRUE">4</attwidth><atprecis Sync="TRUE">0</atprecis><attscale Sync="TRUE">0</attscale><attrdef Sync="TRUE">Internal feature number.</attrdef><attrdefs Sync="TRUE">Esri</attrdefs><attrdomv><udom Sync="TRUE">Sequential unique whole numbers that are automatically generated.</udom></attrdomv></attr><attr><attrlabl Sync="TRUE">parque</attrlabl><attalias Sync="TRUE">parque</attalias><attrtype Sync="TRUE">String</attrtype><attwidth Sync="TRUE">100</attwidth><atprecis Sync="TRUE">0</atprecis><attscale Sync="TRUE">0</attscale></attr><attr><attrlabl Sync="TRUE">qualidade</attrlabl><attalias Sync="TRUE">qualidade</attalias><attrtype Sync="TRUE">String</attrtype><attwidth Sync="TRUE">100</attwidth><atprecis Sync="TRUE">0</atprecis><attscale Sync="TRUE">0</attscale></attr><attr><attrlabl Sync="TRUE">area_</attrlabl><attalias Sync="TRUE">area_</attalias><attrtype Sync="TRUE">Double</attrtype><attwidth Sync="TRUE">19</attwidth><atprecis Sync="TRUE">0</atprecis><attscale Sync="TRUE">0</attscale></attr><attr><attrlabl Sync="TRUE">shape</attrlabl><attalias Sync="TRUE">Shape</attalias><attrtype Sync="TRUE">Geometry</attrtype><attwidth Sync="TRUE">0</attwidth><atprecis Sync="TRUE">0</atprecis><attscale Sync="TRUE">0</attscale><attrdef Sync="TRUE">Feature geometry.</attrdef><attrdefs Sync="TRUE">ESRI</attrdefs><attrdomv><udom Sync="TRUE">Coordinates defining the features.</udom></attrdomv></attr><attr><attrlabl Sync="TRUE">created_us</attrlabl><attalias Sync="TRUE">created_us</attalias><attrtype Sync="TRUE">String</attrtype><attwidth Sync="TRUE">254</attwidth><atprecis Sync="TRUE">0</atprecis><attscale Sync="TRUE">0</attscale></attr><attr><attrlabl Sync="TRUE">created_da</attrlabl><attalias Sync="TRUE">created_da</attalias><attrtype Sync="TRUE">Date</attrtype><attwidth Sync="TRUE">8</attwidth><atprecis Sync="TRUE">0</atprecis><attscale Sync="TRUE">0</attscale></attr><attr><attrlabl Sync="TRUE">last_edite</attrlabl><attalias Sync="TRUE">last_edite</attalias><attrtype Sync="TRUE">String</attrtype><attwidth Sync="TRUE">254</attwidth><atprecis Sync="TRUE">0</atprecis><attscale Sync="TRUE">0</attscale></attr><attr><attrlabl Sync="TRUE">last_edi_1</attrlabl><attalias Sync="TRUE">last_edi_1</attalias><attrtype Sync="TRUE">Date</attrtype><attwidth Sync="TRUE">8</attwidth><atprecis Sync="TRUE">0</atprecis><attscale Sync="TRUE">0</attscale></attr><attr><attrlabl Sync="TRUE">st_area_sh</attrlabl><attalias Sync="TRUE">st_area_sh</attalias><attrtype Sync="TRUE">Double</attrtype><attwidth Sync="TRUE">19</attwidth><atprecis Sync="TRUE">0</atprecis><attscale Sync="TRUE">0</attscale></attr><attr><attrlabl Sync="TRUE">st_length_</attrlabl><attalias Sync="TRUE">st_length_</attalias><attrtype Sync="TRUE">Double</attrtype><attwidth Sync="TRUE">19</attwidth><atprecis Sync="TRUE">0</atprecis><attscale Sync="TRUE">0</attscale></attr></detailed></eainfo><mdDateSt Sync="TRUE">20180307</mdDateSt></metadata>
